{"cameraMode":{"drawMode":0,"name":"Shaded","section":"Shading Mode"},"sceneLighting":true,"audioPlay":false,"sceneViewState":{"showFog":false,"showMaterialUpdate":false,"showSkybox":false,"showFlares":false,"showImageEffects":false,"showParticleSystems":false},"in2DMode":false,"pivot":{"x":-0.006632249802350998,"y":-0.05398234724998474,"z":0.38305866718292239},"rotation":{"x":-0.01978798396885395,"y":0.9422847032546997,"z":-0.056605443358421329,"w":-0.32939931750297549},"size":0.37108489871025088,"orthographic":false}