{"cameraMode":{"drawMode":0,"name":"Shaded","section":"Shading Mode"},"sceneLighting":false,"audioPlay":false,"sceneViewState":{"showFog":false,"showMaterialUpdate":false,"showSkybox":false,"showFlares":false,"showImageEffects":false,"showParticleSystems":false},"in2DMode":false,"pivot":{"x":-0.20000000298023225,"y":1.437999963760376,"z":0.2759999930858612},"rotation":{"x":-0.15533336997032166,"y":0.4191724359989166,"z":-0.07303304225206375,"w":-0.8915336728096008},"size":0.1514454036951065,"orthographic":false}